<?xml version="1.0" encoding="UTF-8"?>

<!--
	space dimension is nm = 10^-9 m
	time dimension is s = s

	D = x mum^2 s^-1 = 10^+6 nm^2 s^-1
-->

<param_particles version="1.1">
    <particle>      
        <type>A</type>
        <diffusionConstant>0.1431e+9</diffusionConstant>       
        <collisionRadiusMap>
            <collisionRadius>
                <partnerType>default</partnerType>
                <radius>1.5</radius>
            </collisionRadius>
        </collisionRadiusMap>       
        <reactionRadiusMap>
            <reactionRadius>
                <partnerType>default</partnerType>
                <radius>1.5</radius>
            </reactionRadius>
        </reactionRadiusMap>
    </particle>
    <!--^^^^^^^^^^^^^^^^^^^^^^^^^^^^^^^^^^^^^^^^^^^^^^^^^^^^^^^^^^^^^^^^^^^^^^^^^^^^^^^^^^^^^^^^^-->
    <particle>      
        <type>B</type>
        <diffusionConstant>0.0716e+9</diffusionConstant>     
        <collisionRadiusMap>
            <collisionRadius>
                <partnerType>default</partnerType>
                <radius>3</radius>
            </collisionRadius>
        </collisionRadiusMap>       
        <reactionRadiusMap>
            <reactionRadius>
                <partnerType>default</partnerType>
                <radius>3</radius>
            </reactionRadius>
        </reactionRadiusMap>
    </particle>
	<!--^^^^^^^^^^^^^^^^^^^^^^^^^^^^^^^^^^^^^^^^^^^^^^^^^^^^^^^^^^^^^^^^^^^^^^^^^^^^^^^^^^^^^^^^^-->
    <particle>      
        <type>C</type>
        <diffusionConstant>0.06882e+9</diffusionConstant>     
        <collisionRadiusMap>
            <collisionRadius>
                <partnerType>default</partnerType>
                <radius>3.12</radius>
            </collisionRadius>
        </collisionRadiusMap>       
        <reactionRadiusMap>
            <reactionRadius>
                <partnerType>default</partnerType>
                <radius>3.12</radius>
            </reactionRadius>
        </reactionRadiusMap>
    </particle>
</param_particles>
