<param_global version="1.1"> 

    <!-- total number of simulation steps --> 
    <nSimulationSteps>3000</nSimulationSteps>
    <!--simulation timestep in nanoseconds = 10^-9 seconds! --> 

    <dt>1e-10</dt>
    
    <!-- simulation temperature in Kelvin (K=C+273.16)!--> 
    <T>293.0</T>

    
    <!-- LATTICE RELATED PARAMETERS unit is nanometer -->
    <latticeBounds>[[-125,125];[-125,125];[-125,125]]</latticeBounds>
            

<!-- 
possible methods | supported formats | special flags: 
        TRAJ_WRITER                 | CSV, PACSV
        XYZ_WRITER                  | XYZ
        XYZ_VMDCAPABLE_WRITER       | XYZ
        MSD_CALCULATOR              | CSV, PACSV        | BYTYPE, BYID, ONLYID_id, ONLYTYPE_type
        ...
-->

        <analysis>
<!--
            <analyser>
                <method>standard_traj</method>
                <everyXStep>10</everyXStep>
                <outputFile>out_traj.xml</outputFile>
                <outputFormat>tplgyCoords</outputFormat>
                <specialFlags></specialFlags>
            </analyser>
-->

            <analyser>
                <method>particleNumbers</method>
                <everyXStep>1</everyXStep>
                <outputFile>out_particleNumbers.csv</outputFile>
                <outputFormat>csv</outputFormat>
                <specialFlags></specialFlags>
            </analyser>
            <!--
            <analyser>
                <method>reactionEventFile</method>
                <everyXStep>500</everyXStep>
                <outputFile>out_reactions.csv</outputFile>
                <outputFormat>csv</outputFormat>
                <specialFlags>RESET_REACTION_REPORTS</specialFlags>
            </analyser>
            
            <analyser>
                <method>reactionReporting_short</method>
                <everyXStep>500</everyXStep>
                <outputFile>out_reactions_short.csv</outputFile>
                <outputFormat>csv</outputFormat>
                <specialFlags></specialFlags>
            </analyser>
                -->


            <!-- the flag means, that after one analysis of that kind, 
            the list of reports of happened reactions is cleared
            in the next step -->

    </analysis>
        
</param_global>
